{
  "experiment": "mrcap_fg_scaling",
  "timestamp": "2026-03-24T23:24:03.415690",
  "params": {
    "distance_m": 5.0,
    "max_time_s": 60.0,
    "horizon": 15,
    "v_max": 1.0,
    "threshold_m": 0.3
  },
  "results": [
    {
      "n_robots": 2,
      "success": true,
      "sim_time": 7.199999999999429,
      "wall_time_s": 0.5421844209777191,
      "final_error_m": 0.29449319784868033,
      "mean_deviation_m": 0.037741713265843684,
      "solve_time_mean_ms": 1.5921566234022329,
      "solve_time_std_ms": 0.273131633458411,
      "solve_time_max_ms": 2.4566699867136776,
      "n_steps": 143
    },
    {
      "n_robots": 3,
      "success": true,
      "sim_time": 5.949999999999567,
      "wall_time_s": 0.5306147619849071,
      "final_error_m": 0.2988865974946738,
      "mean_deviation_m": 0.031316907179890774,
      "solve_time_mean_ms": 1.4785615099846559,
      "solve_time_std_ms": 0.11458570470690468,
      "solve_time_max_ms": 1.9719069823622704,
      "n_steps": 118
    },
    {
      "n_robots": 4,
      "success": true,
      "sim_time": 6.199999999999539,
      "wall_time_s": 0.6911395239876583,
      "final_error_m": 0.2846881208859767,
      "mean_deviation_m": 0.03659745018695423,
      "solve_time_mean_ms": 1.4673569107170754,
      "solve_time_std_ms": 0.10114958528969992,
      "solve_time_max_ms": 1.9780389848165214,
      "n_steps": 123
    }
  ]
}